player,result,svg_x,svg_y,x_ft,y_ft,distance_ft,angle_deg,zone
BillySforza,Out,192.7103222625611,128.42534040324696,29.9,152.3,155.2,11.1,RCF
BillySforza,Out,237.5455156649186,222.0622736100201,70.8,67.0,97.4,46.6,Foul
BillySforza,Out,180.80229483214558,198.65876283785755,19.0,88.3,90.3,12.2,2B
BillySforza,Out,237.5455156649186,222.0622736100201,70.8,67.0,97.4,46.6,Foul
BillySforza,Out,235.54614315808348,159.09809868784734,68.9,124.4,142.2,29.0,1B
BillySforza,Out,237.5675675675676,156.97258771929828,70.8,126.3,144.8,29.3,1B
BillySforza,Out,237.38380171215994,128.52344090948768,70.6,152.2,167.8,24.9,RCF
BillySforza,Out,190.72565102415848,184.76119112042136,28.1,101.0,104.8,15.5,2B
BillySforza,Out,204.32432432432432,188.52171052631584,40.5,97.5,105.6,22.5,2B
BillySforza,Out,204.32432432432432,188.52171052631584,40.5,97.5,105.6,22.5,2B
BillySforza,Out,109.97893415803864,211.41182864915197,-45.5,76.7,89.2,-30.7,3B
BillySforza,Out,82.43243243243242,156.97258771929828,-70.6,126.3,144.7,-29.2,3B
BillySforza,Out,104.13885527318362,218.30175420412564,-50.8,70.4,86.8,-35.8,3B
BillySforza,Out,194.58473398771903,194.89824343196307,31.6,91.7,97.0,19.0,2B
BillySforza,Out,238.30263098919818,156.97258771929828,71.4,126.3,145.1,29.5,1B
BillySforza,Out,236.810452243288,223.37028035989647,70.1,65.8,96.1,46.8,Foul
BillySforza,Out,226.51956434045985,227.29430060952552,60.7,62.2,86.9,44.3,1B
BillySforza,Out,218.4338667025234,228.76580820313643,53.3,60.9,80.9,41.2,1B
BillySforza,Out,160.0,220.07083333333338,0.1,68.8,68.8,0.1,2B
BillySforza,Out,191.7914929855228,117.14378218556345,29.1,162.6,165.2,10.1,RCF
BillySforza,Out,255.20908968670167,152.06756240726196,86.9,130.8,157.0,33.6,RF
BillySforza,Out,250.98247501232578,122.9644122225132,83.0,157.3,177.9,27.8,RF
BillySforza,Out,207.8158755770696,199.31276621279574,43.7,87.7,98.0,26.5,1B
BillySforza,Out,201.20030478239434,197.84125861918483,37.6,89.1,96.7,22.9,1B
BillySforza,Out,205.0168918918919,206.67105263157896,41.1,81.0,90.8,26.9,1B
BillySforza,Out,173.45166061583973,195.22524511943215,12.3,91.4,92.3,7.7,2B
BillySforza,Out,235.52409125543454,224.02428373483463,68.9,65.2,94.9,46.6,Foul
BillySforza,Out,237.5455156649186,222.0622736100201,70.8,67.0,97.4,46.6,Foul
BillySforza,Out,234.42149612298863,225.49579132844553,67.9,63.8,93.2,46.8,Foul
BillySforza,Hit,164.04284881896822,138.56239271478864,3.8,143.1,143.1,1.5,2B
BillySforza,Hit,221.3961722916947,146.83553540775657,56.0,135.5,146.7,22.5,2B
BillySforza,Hit,259.43570436107757,157.95359278170554,90.7,125.4,154.8,35.9,RF
BillySforza,Hit,189.40253686522345,123.84731677867973,26.9,156.5,158.8,9.7,RCF
BillySforza,Hit,257.4142799515934,127.21543415961135,88.9,153.4,177.3,30.1,RF
BillySforza,Hit,87.39411052843889,158.28059446917462,-66.1,125.1,141.5,-27.8,3B
BillySforza,Hit,217.92299762449016,186.88670208897037,52.9,99.0,112.3,28.1,1B
BillySforza,Hit,161.83765855407646,224.81235780163516,1.8,64.5,64.5,1.6,2B
BillySforza,Hit,249.87987987987987,123.78191644118591,82.0,156.5,176.7,27.6,RF
BillySforza,Hit,184.6246246246246,140.36090199586863,22.5,141.4,143.2,9.0,2B
BillySforza,Hit,191.79149298552286,132.18585980914148,29.1,148.9,151.7,11.0,RCF
BillySforza,Hit,196.23862668638787,201.1112754938757,33.1,86.1,92.2,21.0,2B
BillySforza,Hit,263.47855318004576,135.7174780338076,94.4,145.7,173.6,32.9,RF
BillySforza,Hit,252.63636771099462,138.0064898460912,84.5,143.6,166.6,30.5,RF
BillySforza,Hit,204.69185603513958,188.52171052631584,40.8,97.5,105.7,22.7,1B
BillySforza,Hit,120.63735377168213,188.52171052631584,-35.8,97.5,103.9,-20.1,SS
BillySforza,Hit,232.76760342431982,209.96321117366386,66.4,78.0,102.4,40.4,1B
BillySforza,Hit,214.6152122271525,185.57869533909405,49.9,100.2,111.9,26.4,1B
BillySforza,Hit,183.74254851866792,183.1261826830759,21.7,102.5,104.7,12.0,2B
BillySforza,Hit,115.67567567567568,188.52171052631584,-40.3,97.5,105.5,-22.5,3B
BillySforza,Hit,246.0207969163193,162.53161640627278,78.5,121.2,144.4,32.9,1B
BillySforza,Hit,262.37595804759985,143.72901937680024,93.4,138.4,166.9,34.0,RF
BillySforza,Hit,203.58926090269372,189.66621643245765,39.8,96.5,104.4,22.4,2B
BillySforza,Hit,170.65841961364347,148.20894249512673,9.8,134.3,134.6,4.2,2B
BillySforza,Hit,56.70521267536193,155.82808181315644,-94.1,127.3,158.3,-36.5,LF
BillySforza,Hit,57.44027609699251,175.12118137383263,-93.4,109.8,144.1,-40.4,3B
BillySforza,Hit,209.24924924924923,107.82423409269445,45.0,171.1,176.9,14.7,RCF
BillySforza,Hit,241.42665053112816,173.4861729364872,74.3,111.2,133.8,33.7,1B
BillySforza,Hit,204.32432432432432,188.52171052631584,40.5,97.5,105.6,22.5,2B
BillySforza,Hit,235.91367486889877,155.991582656891,69.3,127.2,144.8,28.6,1B
BillySforza,Hit,261.8246604813769,191.30776490355242,92.9,95.0,132.9,44.4,1B
BrianWeber,Out,204.32432432432432,188.52171052631584,40.5,97.5,105.6,22.5,2B
BrianWeber,Out,204.32432432432432,188.52171052631584,40.5,97.5,105.6,22.5,2B
BrianWeber,Out,90.1726502622025,227.13079976579095,-63.6,62.4,89.0,-45.5,Foul
BrianWeber,Out,160.0,220.07083333333338,0.1,68.8,68.8,0.1,2B
BrianWeber,Out,160.0,220.07083333333338,0.1,68.8,68.8,0.1,2B
BrianWeber,Out,160.0,137.25438596491233,0.1,144.3,144.3,0.0,SS
BrianWeber,Out,204.32432432432432,188.52171052631584,40.5,97.5,105.6,22.5,2B
BrianWeber,Out,231.66500829187393,242.82688076430713,65.4,48.1,81.2,53.7,Foul
BrianWeber,Out,197.8925193850567,165.63159240347971,34.6,118.4,123.4,16.3,2B
BrianWeber,Out,252.26883600017933,188.69175140379974,84.2,97.4,128.7,40.8,1B
BrianWeber,Out,130.56070996369505,191.3012248698031,-26.7,95.0,98.7,-15.7,SS
BrianWeber,Out,181.50060508269465,121.72180581013066,19.7,158.4,159.6,7.1,CF
BrianWeber,Out,96.97198691228542,220.91776770387833,-57.4,68.0,89.0,-40.1,3B
BrianWeber,Out,164.2266146743759,119.5962948415816,3.9,160.4,160.4,1.4,CF
BrianWeber,Out,173.63542647124737,175.2781421838178,12.5,109.6,110.3,6.5,2B
BrianWeber,Out,204.32432432432432,188.52171052631584,40.5,97.5,105.6,22.5,2B
BrianWeber,Out,115.67567567567568,188.52171052631584,-40.3,97.5,105.5,-22.5,3B
BrianWeber,Out,237.5675675675676,156.97258771929828,70.8,126.3,144.8,29.3,1B
BrianWeber,Out,201.89861503294338,127.77133702830879,38.3,152.9,157.6,14.1,RCF
BrianWeber,Out,126.70162700013447,201.76527886881388,-30.3,85.5,90.7,-19.5,SS
BrianWeber,Out,160.0,137.25438596491233,0.1,144.3,144.3,0.0,SS
BrianWeber,Out,160.0,137.25438596491233,0.1,144.3,144.3,0.0,SS
BrianWeber,Out,115.67567567567568,188.52171052631584,-40.3,97.5,105.5,-22.5,3B
BrianWeber,Out,254.29026040966343,160.40610543772368,86.0,123.2,150.2,34.9,RF
BrianWeber,Out,204.32432432432432,188.52171052631584,40.5,97.5,105.6,22.5,2B
BrianWeber,Out,142.87302227600736,171.19062109045421,-15.5,113.3,114.4,-7.8,SS
BrianWeber,Out,204.32432432432432,188.52171052631584,40.5,97.5,105.6,22.5,2B
BrianWeber,Out,124.68020259065035,202.41928224375204,-32.1,84.9,90.7,-20.7,SS
BrianWeber,Out,196.385639370714,141.50540790201043,33.2,140.4,144.3,13.3,2B
BrianWeber,Out,124.12890502442743,189.99321811992672,-32.6,96.2,101.6,-18.7,SS
BrianWeber,Out,160.0,137.25438596491233,0.1,144.3,144.3,0.0,SS
BrianWeber,Out,237.5455156649186,222.0622736100201,70.8,67.0,97.4,46.6,Foul
BrianWeber,Hit,260.35453363811575,160.89660796892733,91.5,122.7,153.1,36.7,RF
BrianWeber,Hit,251.901304289364,145.20052697041115,83.8,137.0,160.6,31.5,RF
BrianWeber,Hit,219.7422795930259,130.15844934683312,54.5,150.7,160.3,19.9,RCF
BrianWeber,Hit,159.0811707229618,120.25029821651978,-0.8,159.8,159.8,-0.3,CF
BrianWeber,Hit,160.0,137.25438596491233,0.1,144.3,144.3,0.0,SS
BrianWeber,Hit,115.67567567567568,188.52171052631584,-40.3,97.5,105.5,-22.5,3B
BrianWeber,Hit,197.85576621397513,127.4443353408397,34.6,153.2,157.1,12.7,RCF
BrianWeber,Hit,253.0038994218099,189.5092556224725,84.8,96.6,128.6,41.3,1B
BrianWeber,Hit,88.3129398054771,152.06756240726196,-65.3,130.8,146.1,-26.5,3B
BrianWeber,Hit,160.0,220.07083333333338,0.1,68.8,68.8,0.1,2B
BrianWeber,Hit,159.0811707229618,141.50540790201046,-0.8,140.4,140.4,-0.3,SS
BrianWeber,Hit,200.7960199004975,123.52031509121065,37.3,156.8,161.2,13.4,RCF
BrianWeber,Hit,115.67567567567568,188.52171052631584,-40.3,97.5,105.5,-22.5,3B
BrianWeber,Hit,250.06364573528757,146.67203456402203,82.2,135.7,158.6,31.2,RF
BrianWeber,Hit,237.5675675675676,156.97258771929828,70.8,126.3,144.8,29.3,1B
BrianWeber,Hit,177.09022455291114,123.35681424747611,15.7,156.9,157.7,5.7,CF
BrianWeber,Hit,253.0038994218099,145.8545303453493,84.8,136.4,160.7,31.9,RF
BrianWeber,Hit,192.52655640715344,127.93483787204335,29.7,152.8,155.6,11.0,RCF
BrianWeber,Hit,192.52655640715344,133.98436909022143,29.7,147.3,150.2,11.4,RCF
BrianWeber,Hit,132.986419255076,146.73743490151585,-24.5,135.6,137.8,-10.3,SS
BrianWeber,Hit,65.7097395903366,204.38783240231595,-85.9,83.1,119.5,-45.9,Foul
BrianWeber,Hit,109.44256756756758,188.6184210526316,-46.0,97.5,107.8,-25.3,3B
BrianWeber,Hit,175.068800143427,120.08679737278523,13.8,159.9,160.5,4.9,CF
BrianWeber,Hit,160.0,137.25438596491233,0.1,144.3,144.3,0.0,SS
BrianWeber,Hit,257.04674824077813,142.4210126269239,88.5,139.6,165.3,32.4,RF
BrianWeber,Hit,237.5675675675676,156.97258771929828,70.8,126.3,144.8,29.3,1B
CaseyLaCasse,Out,115.67567567567568,188.52171052631584,-40.3,97.5,105.5,-22.5,3B
CaseyLaCasse,Out,214.96436735242708,156.97258771929828,50.2,126.3,135.9,21.7,2B
CaseyLaCasse,Out,115.67567567567568,188.52171052631584,-40.3,97.5,105.5,-22.5,3B
CaseyLaCasse,Out,90.17265026220251,235.63284363998727,-63.6,54.6,83.8,-49.3,Foul
CaseyLaCasse,Out,172.49607816772,136.43688174623958,11.5,145.0,145.5,4.5,2B
CaseyLaCasse,Out,119.16722692842094,188.52171052631584,-37.1,97.5,104.4,-20.8,SS
CaseyLaCasse,Out,103.56550580431175,156.80908687556374,-51.4,126.4,136.5,-22.1,SS
CaseyLaCasse,Out,198.22329792479044,156.22048383811938,34.9,127.0,131.7,15.4,2B
CaseyLaCasse,Out,160.0,137.5813876523814,0.1,144.0,144.0,0.0,SS
CaseyLaCasse,Out,174.3337367217964,130.3873505280615,13.1,150.5,151.1,5.0,CF
CaseyLaCasse,Out,74.16296893908833,189.18225393500336,-78.1,96.9,124.5,-38.9,3B
CaseyLaCasse,Out,175.068800143427,112.89276024846532,13.8,166.5,167.0,4.7,CF
CaseyLaCasse,Out,115.67567567567568,188.52171052631584,-40.3,97.5,105.5,-22.5,3B
CaseyLaCasse,Out,121.73994890412801,194.24424005702485,-34.8,92.3,98.7,-20.6,SS
CaseyLaCasse,Out,150.0766438079871,143.30391718309042,-9.0,138.8,139.0,-3.7,SS
CaseyLaCasse,Out,78.02205190264891,152.88506662593466,-74.6,130.0,149.9,-29.9,3B
CaseyLaCasse,Out,204.32432432432432,188.52171052631584,40.5,97.5,105.6,22.5,2B
CaseyLaCasse,Out,159.44870243377704,220.39783502080243,-0.4,68.5,68.5,-0.3,SS
CaseyLaCasse,Out,160.9188292770382,109.94974506124353,0.9,169.2,169.2,0.3,CF
CaseyLaCasse,Out,90.15059835955358,156.97258771929828,-63.6,126.3,141.4,-26.7,3B
CaseyLaCasse,Out,139.96952176056652,112.56575856099622,-18.2,166.8,167.8,-6.2,CF
CaseyLaCasse,Out,251.71753843395635,163.0221189374764,83.7,120.8,146.9,34.7,1B
CaseyLaCasse,Out,145.6662632782036,238.05592614413314,-13.0,52.4,54.0,-13.9,P
CaseyLaCasse,Out,251.35000672314106,144.05602106426932,83.3,138.1,161.3,31.1,RF
CaseyLaCasse,Out,69.38505669848954,129.66794681562948,-82.5,151.2,172.2,-28.6,LF
CaseyLaCasse,Out,250.77665725426917,234.97884026504906,82.8,55.2,99.5,56.3,Foul
CaseyLaCasse,Out,118.65268253327956,97.85068262488728,-37.6,180.2,184.1,-11.8,LCF
CaseyLaCasse,Out,95.66357402178298,164.65712737482184,-58.6,119.3,132.9,-26.1,3B
CaseyLaCasse,Out,130.19317825287976,192.1187290884758,-27.1,94.3,98.1,-16.0,SS
CaseyLaCasse,Out,186.09475146788577,140.36090199586866,23.9,141.4,143.4,9.6,2B
CaseyLaCasse,Out,158.61486486486487,155.0921052631579,-1.2,128.0,128.0,-0.5,SS
CaseyLaCasse,Out,180.2142440948411,125.9728277472288,18.5,154.6,155.7,6.8,CF
CaseyLaCasse,Out,127.98798798798799,185.08819280789044,-29.1,100.7,104.8,-16.1,SS
CaseyLaCasse,Out,123.21007574738917,199.31276621279574,-33.4,87.7,93.9,-20.9,SS
CaseyLaCasse,Out,189.03500515440814,143.30391718309045,26.5,138.8,141.3,10.8,2B
CaseyLaCasse,Out,237.5675675675676,156.97258771929828,70.8,126.3,144.8,29.3,1B
CaseyLaCasse,Out,126.70162700013447,190.48372065113037,-30.3,95.8,100.4,-17.5,SS
CaseyLaCasse,Hit,105.42521626103716,224.18778457856922,-49.7,65.0,81.8,-37.4,3B
CaseyLaCasse,Hit,245.1019676392811,145.8545303453493,77.6,136.4,157.0,29.6,RF
CaseyLaCasse,Hit,217.16955761731884,156.15508350062555,52.2,127.0,137.3,22.3,2B
CaseyLaCasse,Hit,176.53892698668818,125.31882437229062,15.2,155.1,155.9,5.6,CF
CaseyLaCasse,Hit,224.1342835372686,137.25438596491233,58.5,144.3,155.7,22.1,RCF
CaseyLaCasse,Hit,200.46524136076374,192.28222993221033,37.0,94.1,101.1,21.4,2B
CaseyLaCasse,Hit,206.6765272735422,142.4864129644177,42.6,139.5,145.9,17.0,2B
CaseyLaCasse,Hit,208.88171753843397,120.25029821651978,44.6,159.8,165.9,15.6,RCF
CaseyLaCasse,Hit,180.76554166106405,127.93483787204332,19.0,152.8,153.9,7.1,CF
CaseyLaCasse,Hit,196.5694052261216,136.76388343370868,33.4,144.7,148.5,13.0,2B
CaseyLaCasse,Hit,207.59535655058042,102.26520540571997,43.5,176.2,181.4,13.9,RCF
CaseyLaCasse,Hit,166.24803908385996,124.33781930988336,5.8,156.0,156.2,2.1,CF
CaseyLaCasse,Hit,178.00905382994935,126.29982943469788,16.5,154.3,155.1,6.1,CF
CaseyLaCasse,Hit,160.0,137.25438596491233,0.1,144.3,144.3,0.0,SS
CaseyLaCasse,Hit,82.43243243243242,156.97258771929828,-70.6,126.3,144.7,-29.2,3B
CaseyLaCasse,Hit,157.05974631347766,128.5888412469815,-2.6,152.2,152.2,-1.0,CF
CaseyLaCasse,Hit,57.99157366321545,194.74128262197786,-92.9,91.9,130.6,-45.3,Foul
CaseyLaCasse,Hit,84.63762269732418,156.97258771929828,-68.6,126.3,143.7,-28.5,3B
CaseyLaCasse,Hit,197.12070279234462,137.5813876523814,33.9,144.0,147.9,13.3,2B
CaseyLaCasse,Hit,201.56783649320963,175.2781421838178,38.0,109.6,116.0,19.1,2B
CaseyLaCasse,Hit,160.0,137.25438596491233,0.1,144.3,144.3,0.0,SS
CaseyLaCasse,Hit,233.13881045224323,119.75979568531616,66.7,160.2,173.6,22.6,RCF
CaseyLaCasse,Hit,172.86360987853524,126.95383280963607,11.8,153.7,154.1,4.4,CF
CaseyLaCasse,Hit,134.6403119537448,140.03390030839955,-23.0,141.7,143.6,-9.2,SS
CaseyLaCasse,Hit,148.23898525391064,121.72180581013068,-10.6,158.4,158.8,-3.8,CF
CaseyLaCasse,Hit,171.39348303527407,132.0223589654069,10.5,149.0,149.4,4.0,2B
CaseyLaCasse,Hit,232.58751288602036,134.147869933956,66.2,147.1,161.3,24.2,RCF
DanGuyton,Out,82.45448433508136,222.0622736100201,-70.6,67.0,97.3,-46.5,Foul
DanGuyton,Out,88.1512258527184,220.2637643289401,-65.4,68.6,94.8,-43.6,3B
DanGuyton,Out,237.5675675675676,156.97258771929828,70.8,126.3,144.8,29.3,1B
DanGuyton,Out,160.0,316.6900219298246,0.1,-19.3,19.3,179.7,Foul
DanGuyton,Out,82.45448433508136,222.0622736100201,-70.6,67.0,97.3,-46.5,Foul
DanGuyton,Out,96.23692349065485,224.3512854223037,-58.0,64.9,87.1,-41.8,3B
DanGuyton,Out,126.15032943391152,172.49862784033056,-30.8,112.1,116.3,-15.3,SS
DanGuyton,Out,82.43243243243242,156.97258771929828,-70.6,126.3,144.7,-29.2,3B
DanGuyton,Out,115.67567567567568,188.52171052631584,-40.3,97.5,105.5,-22.5,3B
DanGuyton,Out,192.71032226256105,126.62683112216698,29.9,154.0,156.8,11.0,RCF
DanGuyton,Out,82.43243243243242,156.97258771929828,-70.6,126.3,144.7,-29.2,3B
DanGuyton,Out,115.67567567567568,188.52171052631584,-40.3,97.5,105.5,-22.5,3B
DanGuyton,Out,115.67567567567568,188.52171052631584,-40.3,97.5,105.5,-22.5,3B
DanGuyton,Out,115.67567567567568,188.52171052631584,-40.3,97.5,105.5,-22.5,3B
DanGuyton,Out,75.81686163775716,174.14017631142536,-76.6,110.7,134.6,-34.7,3B
DanGuyton,Out,115.8594415310833,188.52171052631584,-40.1,97.5,105.5,-22.4,SS
DanGuyton,Out,159.63246828918471,161.9430133688284,-0.3,121.8,121.8,-0.1,SS
DanGuyton,Out,93.66420151494779,237.4313529210672,-60.4,53.0,80.3,-48.7,Foul
DanGuyton,Out,115.67567567567568,188.52171052631584,-40.3,97.5,105.5,-22.5,3B
DanGuyton,Out,82.43243243243242,156.97258771929828,-70.6,126.3,144.7,-29.2,3B
DanGuyton,Hit,115.67567567567568,188.52171052631584,-40.3,97.5,105.5,-22.5,3B
DanGuyton,Hit,86.291515395993,158.44409531290916,-67.1,125.0,141.8,-28.2,3B
DanGuyton,Hit,85.57850387701134,222.87977782869282,-67.7,66.2,94.7,-45.6,Foul
DanGuyton,Hit,71.59024696338129,137.02548478368394,-80.5,144.5,165.4,-29.1,LF
DanGuyton,Hit,72.14154452960423,156.97258771929828,-80.0,126.3,149.5,-32.3,3B
DanGuyton,Hit,93.27461790148357,138.66049322102938,-60.7,143.0,155.4,-23.0,LCF
DanGuyton,Hit,114.05853614808841,122.70281087253792,-41.8,157.5,163.0,-14.9,LCF
EricCantagallo,Out,160.0,220.07083333333338,0.1,68.8,68.8,0.1,2B
EricCantagallo,Out,55.23508583210075,155.1740784382183,-95.4,127.9,159.6,-36.7,LF
EricCantagallo,Out,115.67567567567568,188.52171052631584,-40.3,97.5,105.5,-22.5,3B
EricCantagallo,Out,168.63699520415935,124.66482099735245,8.0,155.7,155.9,2.9,CF
EricCantagallo,Out,116.96203666352919,204.05429068109748,-39.1,83.4,92.1,-25.1,3B
EricCantagallo,Out,69.56882255389718,169.0716501556545,-82.3,115.3,141.7,-35.5,3B
EricCantagallo,Out,192.52655640715344,141.50540790201046,29.7,140.4,143.5,12.0,2B
EricCantagallo,Out,82.43243243243242,156.97258771929828,-70.6,126.3,144.7,-29.2,3B
EricCantagallo,Out,82.45448433508136,222.0622736100201,-70.6,67.0,97.3,-46.5,Foul
EricCantagallo,Out,198.95836134642101,119.75979568531615,35.6,160.2,164.1,12.5,RCF
EricCantagallo,Out,82.45448433508136,222.0622736100201,-70.6,67.0,97.3,-46.5,Foul
EricCantagallo,Out,83.35126170947066,168.90814931191994,-69.8,115.4,134.9,-31.2,3B
EricCantagallo,Out,204.32432432432432,188.52171052631584,40.5,97.5,105.6,22.5,2B
EricCantagallo,Out,82.45448433508136,222.0622736100201,-70.6,67.0,97.3,-46.5,Foul
EricCantagallo,Out,153.93572677154765,131.5318564342033,-5.4,149.5,149.6,-2.1,SS
EricCantagallo,Out,160.0,137.25438596491233,0.1,144.3,144.3,0.0,SS
EricCantagallo,Out,189.5863027206311,118.28828809170525,27.0,161.6,163.8,9.5,RCF
EricCantagallo,Out,160.0,137.25438596491233,0.1,144.3,144.3,0.0,SS
EricCantagallo,Hit,82.43243243243242,156.97258771929828,-70.6,126.3,144.7,-29.2,3B
EricCantagallo,Hit,161.83765855407648,143.63091887055953,1.8,138.5,138.5,0.7,2B
EricCantagallo,Hit,172.49607816772,128.09833871577788,11.5,152.6,153.0,4.3,CF
EricCantagallo,Hit,257.04674824077813,129.17744428442586,88.5,151.6,175.6,30.3,RF
EricCantagallo,Hit,205.75769799650396,125.31882437229062,41.8,155.1,160.7,15.1,RCF
EricCantagallo,Hit,189.7700685760387,133.49386655901782,27.2,147.7,150.2,10.4,RCF
EricCantagallo,Hit,218.80507373044688,113.05626109219985,53.7,166.3,174.8,17.9,RCF
EricCantagallo,Hit,134.45654609833716,82.31810247010566,-23.2,194.3,195.7,-6.8,CF
EricCantagallo,Hit,100.831069875846,219.7732617977365,-53.8,69.1,87.6,-37.9,3B
EricCantagallo,Hit,80.98435749182019,219.44626011026742,-71.9,69.4,99.9,-46.0,Foul
EricCantagallo,Hit,171.72426157500786,168.08410505949792,10.8,116.2,116.7,5.3,2B
EricCantagallo,Hit,165.69674151763707,141.668908745745,5.3,140.2,140.3,2.2,2B
EricCantagallo,Hit,65.34220787952131,198.33830118413783,-86.2,88.6,123.6,-44.2,3B
EricCantagallo,Hit,237.5675675675676,156.97258771929828,70.8,126.3,144.8,29.3,1B
EricCantagallo,Hit,160.0,137.25438596491233,0.1,144.3,144.3,0.0,SS
EricCantagallo,Hit,155.7733853256241,223.34085020802422,-3.8,65.8,65.9,-3.3,SS
EricCantagallo,Hit,176.7226928420958,120.25029821651978,15.3,159.8,160.5,5.5,CF
EricCantagallo,Hit,168.6369952041594,134.80187330889416,8.0,146.5,146.7,3.1,2B
EricCantagallo,Hit,201.9353682040249,189.3392147449885,38.3,96.8,104.1,21.6,2B
EricCantagallo,Hit,70.65878378378379,177.6578947368421,-81.3,107.4,134.8,-37.1,3B
EricCantagallo,Hit,222.31500156873292,141.44000756451663,56.9,140.5,151.5,22.0,RCF
EricCantagallo,Hit,171.2097171798664,213.040297052748,10.3,75.2,75.9,7.8,2B
EricCantagallo,Hit,160.0,137.25438596491233,0.1,144.3,144.3,0.0,SS
EricCantagallo,Hit,160.0,137.25438596491233,0.1,144.3,144.3,0.0,SS
ErikLund,Out,160.0,220.07083333333338,0.1,68.8,68.8,0.1,2B
ErikLund,Out,204.32432432432432,188.52171052631584,40.5,97.5,105.6,22.5,2B
ErikLund,Out,115.85944153108333,203.89078983736295,-40.1,83.5,92.7,-25.7,3B
ErikLund,Out,146.76885841064944,227.10136961391876,-12.0,62.4,63.5,-10.9,SS
ErikLund,Out,138.3156290618977,144.12142140176314,-19.7,138.0,139.4,-8.1,SS
ErikLund,Out,165.69674151763707,147.7184399639231,5.3,134.7,134.8,2.2,2B
ErikLund,Out,115.67567567567568,188.52171052631584,-40.3,97.5,105.5,-22.5,3B
ErikLund,Out,82.45448433508136,222.0622736100201,-70.6,67.0,97.3,-46.5,Foul
ErikLund,Out,119.7185244946439,192.44573077594487,-36.6,94.0,100.9,-21.3,SS
ErikLund,Out,116.77827080812156,188.6852113700504,-39.3,97.4,105.0,-22.0,SS
ErikLund,Out,115.32652055040114,146.34503287655292,-40.6,136.0,141.9,-16.6,SS
ErikLund,Out,81.90318676885842,230.89131917168547,-71.1,58.9,92.3,-50.3,Foul
ErikLund,Out,204.32432432432432,188.52171052631584,40.5,97.5,105.6,22.5,2B
ErikLund,Out,82.45448433508136,222.0622736100201,-70.6,67.0,97.3,-46.5,Foul
ErikLund,Out,204.32432432432432,188.52171052631584,40.5,97.5,105.6,22.5,2B
ErikLund,Out,148.9740486755412,139.5433977771959,-10.0,142.2,142.5,-4.0,SS
ErikLund,Out,93.48043565954015,220.75426686014373,-60.5,68.2,91.2,-41.6,3B
ErikLund,Out,162.0214244094841,232.98739998836234,1.9,57.0,57.1,1.9,2B
ErikLund,Out,94.03173322576308,219.7732617977365,-60.0,69.1,91.5,-41.0,3B
ErikLund,Out,82.45448433508136,222.0622736100201,-70.6,67.0,97.3,-46.5,Foul
ErikLund,Out,134.23602707184796,198.495261994123,-23.4,88.5,91.5,-14.8,SS
ErikLund,Out,196.20187351530637,158.01899311919934,33.1,125.3,129.6,14.8,2B
ErikLund,Out,92.5616063825019,230.56431748421642,-61.4,59.2,85.3,-46.0,Foul
ErikLund,Out,151.36300479584065,141.83240958947954,-7.8,140.1,140.3,-3.2,SS
ErikLund,Out,91.82654296087132,222.0622736100201,-62.0,67.0,91.3,-42.8,3B
ErikLund,Hit,174.3337367217964,132.34936065287602,13.1,148.7,149.3,5.1,2B
ErikLund,Hit,160.0,139.3798969334614,0.1,142.3,142.3,0.0,SS
ErikLund,Hit,78.77916722692842,213.56022973582384,-73.9,74.7,105.1,-44.7,3B
ErikLund,Hit,90.15059835955358,158.28059446917462,-63.6,125.1,140.3,-26.9,3B
ErikLund,Hit,159.2649365783694,246.55797001832946,-0.6,44.7,44.7,-0.8,P
ErikLund,Hit,82.45448433508136,223.04327867242736,-70.6,66.1,96.7,-46.9,Foul
ErikLund,Hit,160.0,137.25438596491233,0.1,144.3,144.3,0.0,SS
ErikLund,Hit,71.9798305768455,226.1497947033837,-80.1,63.3,102.1,-51.7,Foul
ErikLund,Hit,69.38505669848954,119.04039197288414,-82.5,160.9,180.8,-27.2,LF
ErikLund,Hit,241.05911882031285,165.80163328096364,74.0,118.3,139.5,32.0,1B
ErikLund,Hit,157.9222972972973,146.71052631578948,-1.8,135.7,135.7,-0.8,SS
ErikLund,Hit,160.0,137.25438596491233,0.1,144.3,144.3,0.0,SS
FrankArena,Out,82.45448433508136,222.0622736100201,-70.6,67.0,97.3,-46.5,Foul
FrankArena,Out,202.48666577024784,191.7917274010067,38.8,94.6,102.2,22.3,2B
FrankArena,Out,69.5908744565461,211.9252212984784,-82.3,76.2,112.2,-47.2,Foul
FrankArena,Out,59.094168795661325,174.3036771551599,-91.9,110.5,143.7,-39.7,3B
FrankArena,Out,131.70005826722246,145.9199306828431,-25.7,136.4,138.8,-10.7,SS
FrankArena,Out,82.43243243243242,156.97258771929828,-70.6,126.3,144.7,-29.2,3B
FrankArena,Out,86.31356729864194,217.64775082918743,-67.1,71.0,97.7,-43.4,3B
FrankArena,Out,118.43216350679037,189.01221305751946,-37.8,97.1,104.2,-21.3,SS
FrankArena,Out,203.77302675810137,190.15671896366126,40.0,96.1,104.0,22.6,1B
FrankArena,Hit,93.29666980413249,216.83024661051473,-60.7,71.7,94.0,-40.2,3B
FrankArena,Hit,115.67567567567568,188.52171052631584,-40.3,97.5,105.5,-22.5,3B
FrankArena,Hit,82.43243243243242,156.97258771929828,-70.6,126.3,144.7,-29.2,3B
FrankArena,Hit,82.45448433508136,222.0622736100201,-70.6,67.0,97.3,-46.5,Foul
FrankArena,Hit,82.45448433508136,222.0622736100201,-70.6,67.0,97.3,-46.5,Foul
FrankArena,Hit,103.93303751512705,165.14762990602546,-51.0,118.8,129.3,-23.2,3B
FrankArena,Hit,77.83828604724127,166.78263834337088,-74.8,117.4,139.2,-32.5,3B
GiovanniCerullo,Out,82.45448433508136,222.0622736100201,-70.6,67.0,97.3,-46.5,Foul
GiovanniCerullo,Out,209.65353413114605,172.82562952779966,45.3,111.9,120.7,22.1,2B
GiovanniCerullo,Out,237.5675675675676,156.97258771929828,70.8,126.3,144.8,29.3,1B
GiovanniCerullo,Out,115.67567567567568,188.52171052631584,-40.3,97.5,105.5,-22.5,3B
GiovanniCerullo,Out,115.67567567567568,188.52171052631584,-40.3,97.5,105.5,-22.5,3B
GiovanniCerullo,Out,205.4269194567702,189.66621643245765,41.5,96.5,105.0,23.3,1B
GiovanniCerullo,Out,116.9620366635292,194.89824343196307,-39.1,91.7,99.7,-23.1,3B
GiovanniCerullo,Out,91.27524539464838,222.38927529748918,-62.6,66.7,91.4,-43.2,3B
GiovanniCerullo,Out,201.93536820402488,194.89824343196307,38.3,91.7,99.4,22.7,1B
GiovanniCerullo,Out,233.89225045941467,156.48208518809466,67.4,126.7,143.6,28.0,1B
GiovanniCerullo,Out,115.67567567567568,188.52171052631584,-40.3,97.5,105.5,-22.5,3B
GiovanniCerullo,Out,203.22172919187844,189.01221305751946,39.5,97.1,104.8,22.1,2B
GiovanniCerullo,Out,259.43570436107757,161.55061134386548,90.7,122.1,152.1,36.6,RF
GiovanniCerullo,Out,115.67567567567568,188.52171052631584,-40.3,97.5,105.5,-22.5,3B
GiovanniCerullo,Out,237.5455156649186,222.0622736100201,70.8,67.0,97.4,46.6,Foul
GiovanniCerullo,Out,204.508090179732,190.97422318233401,40.6,95.3,103.6,23.1,1B
GiovanniCerullo,Out,160.0,220.07083333333338,0.1,68.8,68.8,0.1,2B
GiovanniCerullo,Out,252.8201335664023,189.672756466207,84.7,96.5,128.4,41.3,1B
GiovanniCerullo,Out,204.32432432432432,188.52171052631584,40.5,97.5,105.6,22.5,2B
GiovanniCerullo,Out,237.5455156649186,222.0622736100201,70.8,67.0,97.4,46.6,Foul
GiovanniCerullo,Out,160.0,220.07083333333338,0.1,68.8,68.8,0.1,2B
GiovanniCerullo,Out,237.5455156649186,222.0622736100201,70.8,67.0,97.4,46.6,Foul
GiovanniCerullo,Out,115.67567567567568,188.52171052631584,-40.3,97.5,105.5,-22.5,3B
GiovanniCerullo,Out,237.5675675675676,156.97258771929828,70.8,126.3,144.8,29.3,1B
GiovanniCerullo,Out,237.5455156649186,222.0622736100201,70.8,67.0,97.4,46.6,Foul
GiovanniCerullo,Out,208.36717314329252,183.9436869017486,44.2,101.7,110.9,23.5,1B
GiovanniCerullo,Out,210.75612926359193,188.68521137005038,46.3,97.4,107.9,25.4,1B
GiovanniCerullo,Out,179.8467123840258,251.29949448663123,18.2,40.3,44.2,24.3,1B
GiovanniCerullo,Out,171.76101474608936,130.3873505280615,10.8,150.5,150.9,4.1,CF
GiovanniCerullo,Out,115.67567567567568,188.52171052631584,-40.3,97.5,105.5,-22.5,3B
GiovanniCerullo,Out,121.00488548249741,187.377204620174,-35.5,98.6,104.8,-19.8,SS
GiovanniCerullo,Out,204.32432432432432,188.52171052631584,40.5,97.5,105.6,22.5,2B
GiovanniCerullo,Hit,237.5675675675676,156.97258771929828,70.8,126.3,144.8,29.3,1B
GiovanniCerullo,Hit,173.04737573394289,139.870399464665,12.0,141.9,142.4,4.8,2B
GiovanniCerullo,Hit,180.76554166106408,141.668908745745,19.0,140.2,141.5,7.7,2B
GiovanniCerullo,Hit,120.26982206086684,173.47963290273782,-36.1,111.3,117.0,-18.0,SS
GiovanniCerullo,Hit,164.22661467437587,145.7564298391086,3.9,136.5,136.6,1.7,2B
GiovanniCerullo,Hit,184.0733270584017,133.33036571528328,22.0,147.8,149.5,8.5,2B
GiovanniCerullo,Hit,247.67468961498813,160.56960628145822,80.0,123.0,146.7,33.0,1B
GiovanniCerullo,Hit,237.5675675675676,156.97258771929828,70.8,126.3,144.8,29.3,1B
GiovanniCerullo,Hit,87.57787638384653,161.06010881266187,-65.9,122.6,139.2,-28.3,3B
GiovanniCerullo,Hit,216.08533907041368,185.7421961828286,51.2,100.1,112.4,27.1,1B
GiovanniCerullo,Hit,237.5675675675676,156.97258771929828,70.8,126.3,144.8,29.3,1B
GiovanniCerullo,Hit,148.23898525391064,148.20894249512673,-10.6,134.3,134.7,-4.5,SS
GiovanniCerullo,Hit,160.0,137.25438596491233,0.1,144.3,144.3,0.0,SS
GiovanniCerullo,Hit,120.63735377168213,195.38874596316668,-35.8,91.3,98.1,-21.4,SS
GiovanniCerullo,Hit,204.32432432432432,188.52171052631584,40.5,97.5,105.6,22.5,2B
GiovanniCerullo,Hit,218.65806104612074,198.98576452532666,53.5,88.0,103.0,31.3,1B
GiovanniCerullo,Hit,237.5675675675676,156.97258771929828,70.8,126.3,144.8,29.3,1B
GiovanniCerullo,Hit,85.92398368517772,164.4936265310873,-67.4,119.4,137.2,-29.4,3B
JasonAtkins,Out,160.0,220.07083333333338,0.1,68.8,68.8,0.1,2B
JasonAtkins,Out,84.08632513110123,157.62659109423643,-69.1,125.7,143.4,-28.8,3B
JasonAtkins,Out,160.0,137.25438596491233,0.1,144.3,144.3,0.0,SS
JasonAtkins,Out,160.0,137.25438596491233,0.1,144.3,144.3,0.0,SS
JasonAtkins,Out,86.47528125140065,158.6075961566437,-66.9,124.8,141.6,-28.2,3B
JasonAtkins,Out,135.74290708619066,140.8514045270723,-22.0,141.0,142.7,-8.9,SS
JasonAtkins,Out,237.5455156649186,222.0622736100201,70.8,67.0,97.4,46.6,Foul
JasonAtkins,Out,140.48406615570795,184.27068858921774,-17.7,101.4,103.0,-9.9,SS
JasonAtkins,Out,76.55192505938774,157.62659109423643,-76.0,125.7,146.9,-31.1,3B
JasonAtkins,Out,204.32432432432432,188.52171052631584,40.5,97.5,105.6,22.5,2B
JasonAtkins,Out,70.30388597552776,172.0146653428763,-81.7,112.6,139.1,-36.0,3B
JasonAtkins,Out,115.67567567567568,182.14517762066862,-40.3,103.4,110.9,-21.3,SS
JasonAtkins,Out,164.7779122405988,225.62986202030788,4.4,63.7,63.9,4.0,2B
JasonAtkins,Out,82.45448433508136,222.0622736100201,-70.6,67.0,97.3,-46.5,Foul
JasonAtkins,Out,204.32432432432432,188.52171052631584,40.5,97.5,105.6,22.5,2B
JasonAtkins,Out,232.21630585809686,222.71627698495828,65.9,66.4,93.5,44.8,1B
JasonAtkins,Out,189.2555241808973,192.60923161967946,26.7,93.8,97.6,15.9,2B
JasonAtkins,Out,195.31979740934963,191.7917274010067,32.3,94.6,99.9,18.8,2B
JasonAtkins,Hit,173.96620501098113,146.5739340577813,12.8,135.8,136.4,5.4,2B
JasonAtkins,Hit,198.44381695127964,186.2326987140322,35.1,99.6,105.6,19.4,2B
JasonAtkins,Hit,160.18376585540767,139.70689862093047,0.3,142.0,142.0,0.1,2B
JasonAtkins,Hit,190.54188516875084,195.22524511943212,27.9,91.4,95.6,17.0,2B
JasonAtkins,Hit,73.79543722827304,175.61168390503624,-78.5,109.3,134.6,-35.7,3B
JasonAtkins,Hit,112.91918784456098,183.1261826830759,-42.8,102.5,111.1,-22.7,3B
JasonAtkins,Hit,89.59930079333063,151.90406156352742,-64.1,130.9,145.8,-26.1,3B
JasonAtkins,Hit,82.638250190489,218.46525504786013,-70.4,70.3,99.5,-45.1,Foul
JasonAtkins,Hit,244.91820178387346,167.60014256204363,77.5,116.6,140.0,33.6,1B
JasonAtkins,Hit,178.78087042266142,169.7191134968433,17.2,114.7,116.0,8.5,2B
JasonAtkins,Hit,142.3217247097844,188.19470883884674,-16.0,97.8,99.1,-9.3,SS
JasonAtkins,Hit,196.97369010801845,179.36566327718143,33.8,105.9,111.1,17.7,2B
JasonAtkins,Hit,139.96952176056652,141.50540790201046,-18.2,140.4,141.6,-7.4,SS
JasonAtkins,Hit,167.35063421630588,149.35344840126857,6.8,133.2,133.4,2.9,2B
JasonAtkins,Hit,234.6052619783963,218.95575757906377,68.1,69.8,97.5,44.3,1B
JasonAtkins,Hit,90.70189592577651,164.00312399988366,-63.1,119.9,135.5,-27.7,3B
JohnBrunetto,Out,84.84344045538076,222.0622736100201,-68.4,67.0,95.7,-45.6,Foul
JohnBrunetto,Out,160.9188292770382,223.5043510517588,0.9,65.7,65.7,0.8,2B
JohnBrunetto,Out,144.89444668549146,200.94777465014116,-13.7,86.2,87.3,-9.0,SS
JohnBrunetto,Out,91.45901125005604,211.76172045474385,-62.4,76.4,98.6,-39.2,3B
JohnBrunetto,Out,151.91430236206355,133.65736740275236,-7.3,147.5,147.7,-2.8,SS
JohnBrunetto,Out,120.10443279099995,106.61432784905885,-36.3,172.2,176.0,-11.9,LCF
JohnBrunetto,Out,82.43243243243242,156.97258771929828,-70.6,126.3,144.7,-29.2,3B
JohnBrunetto,Out,82.06490072161714,155.5010801256874,-70.9,127.6,146.0,-29.1,3B
JohnBrunetto,Out,124.863968446058,178.2211573710396,-31.9,106.9,111.6,-16.6,SS
JohnBrunetto,Out,155.77338532562413,109.78624421750898,-3.8,169.3,169.3,-1.3,CF
JohnBrunetto,Out,115.67567567567568,188.52171052631584,-40.3,97.5,105.5,-22.5,3B
JohnBrunetto,Out,82.45448433508136,222.0622736100201,-70.6,67.0,97.3,-46.5,Foul
JohnBrunetto,Out,95.47980816637534,124.76292150359318,-58.7,155.7,166.4,-20.7,LCF
JohnBrunetto,Hit,85.57850387701134,214.54123479823113,-67.7,73.8,100.2,-42.5,3B
JohnBrunetto,Hit,82.43243243243242,156.97258771929828,-70.6,126.3,144.7,-29.2,3B
JohnBrunetto,Hit,79.69799650396666,221.08126854761286,-73.1,67.9,99.8,-47.1,Foul
JohnBrunetto,Hit,89.78306664873828,163.51262146868,-63.9,120.3,136.3,-28.0,3B
JohnBrunetto,Hit,109.61140244722336,179.69266496465048,-45.8,105.6,115.1,-23.5,3B
JohnBrunetto,Hit,160.0,137.25438596491233,0.1,144.3,144.3,0.0,SS
JohnBrunetto,Hit,118.98346107301332,175.11464134008327,-37.3,109.8,115.9,-18.8,SS
JohnBrunetto,Hit,76.18439334857244,147.81654047016383,-76.3,134.6,154.8,-29.5,LF
JohnBrunetto,Hit,53.39742727802429,182.64222018562162,-97.1,102.9,141.5,-43.3,3B
JohnBrunetto,Hit,95.84733987719062,147.6530396264293,-58.4,134.8,146.9,-23.4,3B
JohnBrunetto,Hit,70.4876518309354,134.40947128393125,-81.5,146.9,168.0,-29.0,LF
JohnBrunetto,Hit,157.42727802429295,219.90733248959884,-2.3,68.9,69.0,-1.9,SS
JohnBrunetto,Hit,115.67567567567568,188.52171052631584,-40.3,97.5,105.5,-22.5,3B
JohnBrunetto,Hit,89.59930079333063,148.63404468883655,-64.1,133.9,148.4,-25.6,3B
JohnDeNoble,Out,107.77374389314689,188.52171052631584,-47.5,97.5,108.5,-26.0,3B
JohnDeNoble,Out,115.12437810945273,185.57869533909405,-40.8,100.2,108.2,-22.2,SS
JohnDeNoble,Out,82.43243243243242,156.97258771929828,-70.6,126.3,144.7,-29.2,3B
JohnDeNoble,Out,99.52265698534354,152.06756240726196,-55.0,130.8,141.9,-22.8,3B
JohnDeNoble,Out,90.5401819730178,222.0622736100201,-63.2,67.0,92.1,-43.3,3B
JohnDeNoble,Out,79.49217874591008,153.53907000087287,-73.3,129.4,148.7,-29.5,3B
JohnDeNoble,Out,82.45448433508136,222.0622736100201,-70.6,67.0,97.3,-46.5,Foul
JohnDeNoble,Out,82.43243243243242,156.97258771929828,-70.6,126.3,144.7,-29.2,3B
JohnDeNoble,Out,85.94603558782664,221.08126854761286,-67.4,67.9,95.7,-44.8,3B
JohnDeNoble,Out,82.43243243243242,156.97258771929828,-70.6,126.3,144.7,-29.2,3B
JohnDeNoble,Out,117.69710008515978,189.99321811992672,-38.5,96.2,103.6,-21.8,SS
JohnDeNoble,Out,91.82654296087132,222.0622736100201,-62.0,67.0,91.3,-42.8,3B
JohnDeNoble,Out,115.67567567567568,188.52171052631584,-40.3,97.5,105.5,-22.5,3B
JohnDeNoble,Out,91.45901125005604,218.46525504786018,-62.4,70.3,94.0,-41.6,3B
JohnDeNoble,Out,101.19860158666128,241.35537317069625,-53.5,49.4,72.8,-47.3,Foul
JohnDeNoble,Out,78.94088117968715,149.61504975124382,-73.8,133.0,152.1,-29.0,LF
JohnDeNoble,Out,82.98372999865536,177.57369402985077,-70.1,107.5,128.4,-33.1,3B
JohnDeNoble,Out,82.43243243243242,156.97258771929828,-70.6,126.3,144.7,-29.2,3B
JohnDeNoble,Out,115.67567567567568,188.52171052631584,-40.3,97.5,105.5,-22.5,3B
JohnDeNoble,Out,93.11290394872485,225.332290484711,-60.9,64.0,88.3,-43.6,3B
JohnDeNoble,Hit,83.35126170947065,167.76364340577817,-69.8,116.5,135.8,-30.9,3B
JohnDeNoble,Hit,100.05557796602572,194.73474258822847,-54.5,91.9,106.9,-30.7,3B
JohnDeNoble,Hit,71.40648110797363,166.78263834337088,-80.7,117.4,142.4,-34.5,3B
JohnDeNoble,Hit,99.36094303258483,217.64775082918743,-55.2,71.0,89.9,-37.9,3B
JohnDeNoble,Hit,89.23176908251534,157.46309025050192,-64.4,125.9,141.4,-27.1,3B
JohnDeNoble,Hit,82.43243243243242,156.97258771929828,-70.6,126.3,144.7,-29.2,3B
JohnDeNoble,Hit,79.67594460131772,162.6951172500073,-73.1,121.1,141.5,-31.1,3B
JohnDeNoble,Hit,75.08179821612657,168.58114762445086,-77.3,115.7,139.2,-33.7,3B
JohnDeNoble,Hit,97.13370086504413,175.28468221756714,-57.2,109.6,123.6,-27.6,3B
JohnDeNoble,Hit,107.0386804715163,190.48372065113037,-48.2,95.8,107.2,-26.7,3B
JohnDeNoble,Hit,82.43243243243242,156.97258771929828,-70.6,126.3,144.7,-29.2,3B
JohnDeNoble,Hit,82.638250190489,220.10026348520557,-70.4,68.8,98.4,-45.7,Foul
MattWasserman,Out,204.32432432432432,188.52171052631584,40.5,97.5,105.6,22.5,2B
MattWasserman,Out,117.14580251893685,189.5027155887231,-39.0,96.7,104.2,-22.0,SS
MattWasserman,Out,155.03832190399353,227.75537298885695,-4.4,61.8,61.9,-4.1,SS
MattWasserman,Out,237.5455156649186,222.0622736100201,70.8,67.0,97.4,46.6,Foul
MattWasserman,Out,160.0,137.25438596491233,0.1,144.3,144.3,0.0,SS
MattWasserman,Out,91.82654296087132,213.88723142329297,-62.0,74.4,96.9,-39.8,3B
MattWasserman,Out,160.0,137.25438596491233,0.1,144.3,144.3,0.0,SS
MattWasserman,Out,204.32432432432432,188.52171052631584,40.5,97.5,105.6,22.5,2B
MattWasserman,Out,118.43216350679037,188.68521137005038,-37.8,97.4,104.5,-21.2,SS
MattWasserman,Out,189.5863027206311,142.48641296441772,27.0,139.5,142.1,11.0,2B
MattWasserman,Out,204.32432432432432,188.52171052631584,40.5,97.5,105.6,22.5,2B
MattWasserman,Out,115.67567567567568,188.52171052631584,-40.3,97.5,105.5,-22.5,3B
MattWasserman,Out,172.49607816772,133.1668648715487,11.5,148.0,148.4,4.4,2B
MattWasserman,Out,191.7914929855228,143.30391718309042,29.1,138.8,141.8,11.8,2B
MattWasserman,Out,82.45448433508136,222.0622736100201,-70.6,67.0,97.3,-46.5,Foul
MattWasserman,Out,237.5455156649186,222.0622736100201,70.8,67.0,97.4,46.6,Foul
MattWasserman,Out,121.00488548249741,183.453184370545,-35.5,102.2,108.1,-19.1,SS
MattWasserman,Out,160.0,220.07083333333338,0.1,68.8,68.8,0.1,2B
MattWasserman,Out,234.27815875577068,192.1187290884758,67.8,94.3,116.1,35.7,1B
MattWasserman,Out,190.32136614226164,150.00745177620672,27.7,132.6,135.5,11.8,2B
MattWasserman,Out,114.75684639863745,190.32021980739583,-41.2,95.9,104.4,-23.2,3B
MattWasserman,Out,237.5455156649186,222.0622736100201,70.8,67.0,97.4,46.6,Foul
MattWasserman,Out,119.3509927838286,191.7917274010067,-37.0,94.6,101.5,-21.3,SS
MattWasserman,Out,198.9951145175026,183.7801860580141,35.6,101.9,107.9,19.3,2B
MattWasserman,Out,91.45901125005602,216.66674576678017,-62.4,71.9,95.2,-40.9,3B
MattWasserman,Out,104.48433508135,138.98749490849846,-50.5,142.7,151.4,-19.5,LCF
MattWasserman,Out,170.84218546905112,287.0963692138722,10.0,7.7,12.6,52.3,Foul
MattWasserman,Out,82.43243243243242,156.97258771929828,-70.6,126.3,144.7,-29.2,3B
MattWasserman,Out,153.75196091614004,136.60038258997412,-5.6,144.9,145.0,-2.2,SS
MattWasserman,Out,116.77827080812156,189.5027155887231,-39.3,96.7,104.3,-22.1,SS
MattWasserman,Out,160.0,137.25438596491233,0.1,144.3,144.3,0.0,SS
MattWasserman,Hit,168.82076105956702,143.79441971429407,8.1,138.3,138.5,3.4,2B
MattWasserman,Hit,149.12106135986733,177.0766514648978,-9.8,108.0,108.4,-5.2,SS
MattWasserman,Hit,160.0,137.25438596491233,0.1,144.3,144.3,0.0,SS
MattWasserman,Hit,160.0,306.3894687745484,0.1,-9.9,9.9,179.5,Foul
MattWasserman,Hit,180.76554166106408,137.58138765238138,19.0,144.0,145.2,7.5,2B
MattWasserman,Hit,137.91134418000087,188.0312079951122,-20.0,98.0,100.0,-11.6,SS
MattWasserman,Hit,148.38599793823676,170.3731168717815,-10.5,114.1,114.6,-5.3,SS
MattWasserman,Hit,160.0,137.25438596491233,0.1,144.3,144.3,0.0,SS
MattWasserman,Hit,147.28340280579084,172.33512699659602,-11.5,112.3,112.9,-5.9,SS
MattWasserman,Hit,86.49733315404958,212.2522229859475,-66.9,75.9,101.2,-41.4,3B
MattWasserman,Hit,237.20003585675227,157.95359278170554,70.4,125.4,143.8,29.3,1B
MattWasserman,Hit,160.0,137.25438596491233,0.1,144.3,144.3,0.0,SS
MattWasserman,Hit,160.0,220.07083333333338,0.1,68.8,68.8,0.1,2B
MattWasserman,Hit,244.3669042176505,150.10555228244743,77.0,132.6,153.3,30.1,RF
MattWasserman,Hit,193.48213885527315,174.7876396526142,30.6,110.1,114.2,15.5,2B
MattWasserman,Hit,155.95715118103178,164.5590268685811,-3.6,119.4,119.4,-1.7,SS
MattWasserman,Hit,218.82345031598766,156.97258771929828,53.7,126.3,137.2,23.0,1B
MattWasserman,Hit,248.02016942315447,207.18369683017667,80.3,80.5,113.7,44.9,1B
MattWasserman,Hit,115.67567567567568,188.52171052631584,-40.3,97.5,105.5,-22.5,3B
RyanStanek,Out,82.43243243243242,156.97258771929828,-70.6,126.3,144.7,-29.2,3B
RyanStanek,Out,127.84097530366189,128.09833871577788,-29.2,152.6,155.4,-10.8,LCF
RyanStanek,Out,141.4396486038277,137.74488849611595,-16.8,143.8,144.8,-6.7,SS
RyanStanek,Out,74.16296893908833,143.89252022053478,-78.1,138.2,158.8,-29.5,LF
RyanStanek,Out,183.15449778136346,138.7258935585232,21.2,142.9,144.5,8.4,2B
RyanStanek,Out,139.23445833893595,133.8208682464869,-18.8,147.4,148.6,-7.3,SS
RyanStanek,Out,93.11290394872485,218.62875589159472,-60.9,70.1,92.8,-41.0,3B
RyanStanek,Out,194.18044910582225,125.31882437229062,31.2,155.1,158.3,11.4,RCF
RyanStanek,Out,115.67567567567568,188.52171052631584,-40.3,97.5,105.5,-22.5,3B
RyanStanek,Out,82.45448433508136,222.0622736100201,-70.6,67.0,97.3,-46.5,Foul
RyanStanek,Out,92.74537223790955,224.02428373483463,-61.2,65.2,89.4,-43.2,3B
RyanStanek,Out,141.25588274842005,132.6763623403451,-17.0,148.4,149.4,-6.5,SS
RyanStanek,Out,82.45448433508136,222.0622736100201,-70.6,67.0,97.3,-46.5,Foul
RyanStanek,Out,160.0,231.84289408222054,0.1,58.1,58.1,0.1,2B
RyanStanek,Out,160.0,137.25438596491233,0.1,144.3,144.3,0.0,SS
RyanStanek,Out,158.71363901214647,237.7289244566641,-1.1,52.7,52.7,-1.2,P
RyanStanek,Out,204.10380529783515,123.68381593494522,40.3,156.6,161.7,14.4,RCF
RyanStanek,Out,165.69674151763707,118.94229146664343,5.3,161.0,161.0,1.9,CF
RyanStanek,Out,62.585720048406614,182.151717654418,-88.7,103.4,136.2,-40.6,3B
RyanStanek,Out,160.0,220.07083333333338,0.1,68.8,68.8,0.1,2B
RyanStanek,Out,82.43243243243242,156.97258771929828,-70.6,126.3,144.7,-29.2,3B
RyanStanek,Out,150.62794137421002,129.7333471531233,-8.5,151.1,151.4,-3.2,CF
RyanStanek,Out,82.45448433508136,222.0622736100201,-70.6,67.0,97.3,-46.5,Foul
RyanStanek,Out,66.4668549146161,208.0012010488494,-85.2,79.8,116.7,-46.9,Foul
RyanStanek,Out,75.6330957823495,137.35248647115304,-76.8,144.2,163.4,-28.0,LF
RyanStanek,Out,69.38505669848954,120.02139703529141,-82.5,160.0,180.0,-27.3,LF
RyanStanek,Out,82.43243243243242,156.97258771929828,-70.6,126.3,144.7,-29.2,3B
RyanStanek,Out,187.01358074492404,145.26592730790497,24.7,137.0,139.2,10.2,2B
RyanStanek,Out,194.5479808166375,138.7258935585232,31.6,142.9,146.4,12.5,2B
RyanStanek,Out,82.45448433508136,222.0622736100201,-70.6,67.0,97.3,-46.5,Foul
RyanStanek,Out,98.25834790013894,240.7013697957581,-56.2,50.0,75.2,-48.3,Foul
RyanStanek,Out,82.45448433508136,222.0622736100201,-70.6,67.0,97.3,-46.5,Foul
RyanStanek,Out,115.67567567567568,188.52171052631584,-40.3,97.5,105.5,-22.5,3B
RyanStanek,Hit,160.0,137.25438596491233,0.1,144.3,144.3,0.0,SS
RyanStanek,Hit,181.31683922728698,133.8208682464869,19.5,147.4,148.7,7.5,2B
RyanStanek,Hit,248.04222132580344,142.74801431439298,80.3,139.3,160.8,30.0,RF
RyanStanek,Hit,136.6617363632289,99.81269274970182,-21.2,178.4,179.6,-6.8,CF
RyanStanek,Hit,98.60382770830532,148.30704300136748,-55.9,134.2,145.4,-22.6,3B
RyanStanek,Hit,115.67567567567568,188.52171052631584,-40.3,97.5,105.5,-22.5,3B
RyanStanek,Hit,87.0265788176236,160.40610543772368,-66.4,123.2,139.9,-28.3,3B
RyanStanek,Hit,97.86876428667472,128.03293837828406,-56.5,152.7,162.8,-20.3,LCF
RyanStanek,Hit,194.54798081663753,134.96537415262873,31.6,146.4,149.7,12.2,2B
RyanStanek,Hit,85.18892026354712,156.8090868755637,-68.1,126.4,143.6,-28.3,3B
RyanStanek,Hit,60.1967639281072,140.78600418957845,-90.9,141.1,167.8,-32.8,LF
RyanStanek,Hit,83.35126170947066,156.97258771929828,-69.8,126.3,144.3,-28.9,3B
RyanStanek,Hit,62.95325175922191,187.87424718512705,-88.4,98.1,132.1,-42.0,3B
RyanStanek,Hit,59.46170050647662,181.33421343574526,-91.5,104.1,138.6,-41.3,3B
RyanStanek,Hit,82.43243243243242,156.97258771929828,-70.6,126.3,144.7,-29.2,3B
RyanStanek,Hit,82.43243243243242,156.97258771929828,-70.6,126.3,144.7,-29.2,3B
RyanStanek,Hit,125.23150015687328,182.96268183934137,-31.6,102.6,107.4,-17.1,SS
RyanStanek,Hit,76.3681592039801,163.34912062494547,-76.1,120.5,142.5,-32.3,3B
RyanStanek,Hit,101.54408139482766,162.6951172500073,-53.2,121.1,132.3,-23.7,3B
RyanStanek,Hit,67.2019183362467,208.8187052675221,-84.5,79.0,115.7,-46.9,Foul
RyanStanek,Hit,99.74662162162161,235.6842105263158,-54.8,54.6,77.4,-45.1,Foul
RyanStanek,Hit,115.67567567567568,188.52171052631584,-40.3,97.5,105.5,-22.5,3B
RyanStanek,Hit,176.90645869750347,138.3988918710541,15.5,143.2,144.1,6.2,2B
RyanStanek,Hit,160.0,137.25438596491233,0.1,144.3,144.3,0.0,SS
StephenBecker,Out,82.43243243243242,156.97258771929828,-70.6,126.3,144.7,-29.2,3B
StephenBecker,Out,115.67567567567568,183.9436869017486,-40.3,101.7,109.4,-21.6,SS
StephenBecker,Out,87.96745999731075,222.2257744537547,-65.6,66.8,93.6,-44.5,3B
StephenBecker,Out,141.43964860382772,130.55085137179606,-16.8,150.4,151.3,-6.4,CF
StephenBecker,Out,84.45385684191655,161.8776130313346,-68.8,121.8,139.9,-29.4,3B
StephenBecker,Out,47.14938819416432,146.18153203281838,-102.8,136.1,170.6,-37.0,LF
StephenBecker,Out,82.45448433508136,216.33974407931112,-70.6,72.2,101.0,-44.4,3B
StephenBecker,Out,88.31293980547711,154.35657421954556,-65.3,128.7,144.3,-26.9,3B
StephenBecker,Out,82.43243243243242,156.97258771929828,-70.6,126.3,144.7,-29.2,3B
StephenBecker,Out,131.70005826722246,144.28492224549768,-25.7,137.9,140.2,-10.6,SS
StephenBecker,Out,82.45448433508136,222.0622736100201,-70.6,67.0,97.3,-46.5,Foul
StephenBecker,Out,87.41616243108781,223.37028035989647,-66.1,65.8,93.2,-45.1,Foul
StephenBecker,Out,82.43243243243242,156.97258771929828,-70.6,126.3,144.7,-29.2,3B
StephenBecker,Out,158.71363901214647,154.74897624450847,-1.1,128.3,128.3,-0.5,SS
StephenBecker,Out,91.43695934740711,165.47463159349456,-62.4,118.6,134.0,-27.8,3B
StephenBecker,Out,83.18954775671193,221.40827023508191,-69.9,67.6,97.2,-46.0,Foul
StephenBecker,Out,82.45448433508136,222.0622736100201,-70.6,67.0,97.3,-46.5,Foul
StephenBecker,Out,99.36094303258483,212.90622636088568,-55.2,75.3,93.4,-36.2,3B
StephenBecker,Out,160.0,137.25438596491233,0.1,144.3,144.3,0.0,SS
StephenBecker,Out,89.25382098516428,222.38927529748923,-64.4,66.7,92.7,-44.0,3B
StephenBecker,Out,73.97920308368069,167.10964003083998,-78.3,117.1,140.8,-33.8,3B
StephenBecker,Hit,82.79996414324772,157.62659109423643,-70.3,125.7,144.0,-29.2,3B
StephenBecker,Hit,115.67567567567568,188.52171052631584,-40.3,97.5,105.5,-22.5,3B
StephenBecker,Hit,83.35126170947066,140.78600418957848,-69.8,141.1,157.4,-26.3,LCF
StephenBecker,Hit,94.74474474474474,137.67948815862212,-59.4,143.9,155.7,-22.4,LCF
StephenBecker,Hit,77.30904038366725,218.30175420412564,-75.3,70.4,103.1,-46.9,Foul
StephenBecker,Hit,79.33046479315136,224.84178795350738,-73.4,64.4,97.7,-48.7,Foul
StephenBecker,Hit,82.06490072161714,159.42510037531645,-70.9,124.1,142.9,-29.8,3B
StephenBecker,Hit,160.0,137.25438596491233,0.1,144.3,144.3,0.0,SS
StephenBecker,Hit,94.37721303392945,181.00721174827618,-59.7,104.4,120.3,-29.8,3B
StephenBecker,Hit,130.04616556855365,141.34190705827592,-27.2,140.5,143.2,-11.0,SS
StephenBecker,Hit,73.6116713728654,164.49362653108727,-78.7,119.4,143.0,-33.4,3B
StephenBecker,Hit,75.44932992694186,165.14762990602546,-77.0,118.8,141.6,-32.9,3B
StephenBecker,Hit,70.32593787817669,203.09617573681305,-81.6,84.3,117.3,-44.1,3B
StephenBecker,Hit,88.12917395006946,157.46309025050192,-65.4,125.9,141.8,-27.5,3B
StephenBecker,Hit,86.84281296221593,156.80908687556374,-66.6,126.4,142.9,-27.8,3B
WillKlippel,Out,115.67567567567568,188.52171052631584,-40.3,97.5,105.5,-22.5,3B
WillKlippel,Out,118.61592936219803,217.134358179861,-37.6,71.5,80.8,-27.8,3B
WillKlippel,Out,131.33252655640717,146.41043321404678,-26.0,135.9,138.4,-10.8,SS
WillKlippel,Out,187.56487831114697,126.2998294346979,25.2,154.3,156.3,9.3,RCF
WillKlippel,Out,130.92824167451033,189.82971727619218,-26.4,96.4,99.9,-15.3,SS
WillKlippel,Out,125.45201918336248,135.45587668383232,-31.4,145.9,149.3,-12.1,SS
WillKlippel,Out,126.18708260499307,129.07934377818515,-30.7,151.7,154.8,-11.5,LCF
WillKlippel,Out,115.67567567567568,188.52171052631584,-40.3,97.5,105.5,-22.5,3B
WillKlippel,Out,122.29124647035096,214.1913429926392,-34.3,74.2,81.7,-24.8,3B
WillKlippel,Out,116.22697324189862,187.05020293270496,-39.8,98.9,106.6,-21.9,SS
WillKlippel,Out,85.3947380216037,222.0622736100201,-67.9,67.0,95.4,-45.4,Foul
WillKlippel,Out,237.5455156649186,222.0622736100201,70.8,67.0,97.4,46.6,Foul
WillKlippel,Out,100.99278382860471,111.35585231736061,-53.7,167.9,176.3,-17.7,LCF
WillKlippel,Out,82.43243243243242,156.97258771929828,-70.6,126.3,144.7,-29.2,3B
WillKlippel,Out,123.94513916901977,211.08482696168284,-32.8,77.0,83.7,-23.1,3B
WillKlippel,Out,145.48249742279597,131.04135390299967,-13.1,149.9,150.5,-5.0,CF
WillKlippel,Out,84.84344045538077,220.7542668601438,-68.4,68.2,96.6,-45.1,Foul
WillKlippel,Out,121.55618304872037,188.8487122137849,-35.0,97.2,103.3,-19.8,SS
WillKlippel,Out,82.43243243243242,156.97258771929828,-70.6,126.3,144.7,-29.2,3B
WillKlippel,Out,200.46524136076374,191.95522824474125,37.0,94.4,101.4,21.4,2B
WillKlippel,Out,170.6584196136435,137.5813876523814,9.8,144.0,144.3,3.9,2B
WillKlippel,Out,144.3431491192685,173.15263121526874,-14.2,111.6,112.5,-7.2,SS
WillKlippel,Out,84.29214288915782,222.0622736100201,-68.9,67.0,96.1,-45.8,Foul
WillKlippel,Out,221.3777957061539,100.13969443717092,56.0,178.1,186.7,17.5,RCF
WillKlippel,Out,110.93451660615841,132.18585980914145,-44.6,148.9,155.4,-16.7,LCF
WillKlippel,Out,74.18502084173727,214.8682364857002,-78.1,73.5,107.3,-46.7,Foul
WillKlippel,Out,137.58056564026714,143.14041633935588,-20.3,138.9,140.4,-8.3,SS
WillKlippel,Out,166.21128591277846,164.65058734107248,5.7,119.3,119.4,2.8,2B
WillKlippel,Hit,123.39384160279683,170.20961602804695,-33.3,114.2,119.0,-16.2,SS
WillKlippel,Hit,160.0,137.25438596491233,0.1,144.3,144.3,0.0,SS
WillKlippel,Hit,115.67567567567568,188.52171052631584,-40.3,97.5,105.5,-22.5,3B
WillKlippel,Hit,85.92398368517772,156.3185843443601,-67.4,126.9,143.7,-28.0,3B
WillKlippel,Hit,93.66420151494779,217.9747525166565,-60.4,70.7,93.0,-40.5,3B
WillKlippel,Hit,143.46107301331182,141.83240958947954,-15.0,140.1,140.9,-6.1,SS
WillKlippel,Hit,115.67567567567568,188.52171052631584,-40.3,97.5,105.5,-22.5,3B
WillKlippel,Hit,143.09354130249653,137.9083893398505,-15.3,143.7,144.5,-6.1,SS
WillKlippel,Hit,181.50060508269465,127.60783618457424,19.7,153.1,154.3,7.3,CF
WillKlippel,Hit,103.01420823808883,157.1360885630328,-51.9,126.2,136.4,-22.3,SS
WillKlippel,Hit,237.5675675675676,156.97258771929828,70.8,126.3,144.8,29.3,1B
WillKlippel,Hit,159.26493657836943,143.14041633935588,-0.6,138.9,138.9,-0.2,SS
WillKlippel,Hit,82.45448433508136,222.0622736100201,-70.6,67.0,97.3,-46.5,Foul
WillKlippel,Hit,160.0,137.25438596491233,0.1,144.3,144.3,0.0,SS
WillKlippel,Hit,237.5675675675676,156.97258771929828,70.8,126.3,144.8,29.3,1B
